{"!": 55.13377431138316, "\"": 32.22430644683582, "#": 159.08233784184026, "$": 171.36785467469642, "%": 169.73146411294303, "&": 194.60460065159444, "'": 8.056076611708956, "(": 82.72583670648633, ")": 82.62513574883995, "*": 64.75071576661072, "+": 68.70322835423043, ",": 24.04235363806891, "-": 7.5525718234771455, ".": 3.7511106723269805, "/": 61.85556323427782, "0": 169.68111363411987, "1": 101.25481291341693, "2": 110.77105341099812, "3": 106.49126271102773, "4": 133.10149076907888, "5": 112.88577352157172, "6": 138.66521867904038, "7": 86.45177213940173, "8": 160.11452265771547, "9": 137.33093099022608, ":": 22.632540231019842, ";": 45.063678546746964, "<": 57.09744298548722, "=": 56.82051535195973, ">": 56.644288676078595, "?": 73.05854477243558, "@": 255.0, "A": 139.24424918550696, "B": 171.39302991410798, "C": 100.27297857636489, "D": 156.43893770362325, "E": 125.347517030309, "F": 100.37367953401126, "G": 142.1142264784283, "H": 145.96603810840162, "I": 105.71083028926843, "J": 90.53016092407937, "K": 128.16714384440715, "L": 78.0180669365189, "M": 161.80126369829205, "N": 163.16072662651794, "O": 146.79682100898413, "P": 128.21749432323034, "Q": 176.40290255701453, "R": 152.4108993977688, "S": 114.42146312567874, "T": 86.82940073057557, "U": 131.11264685556324, "V": 125.04541415736993, "W": 160.97048079770957, "X": 140.6792378319676, "Y": 104.2254911639846, "Z": 106.66748938690887, "[": 105.61012933162206, "\\": 61.880738473689405, "]": 106.66748938690887, "^": 33.48306841741534, "_": 30.814493039786754, "`": 0.0, "a": 118.39915095271003, "b": 140.02468160726627, "c": 73.81380195478329, "d": 141.35896929608057, "e": 118.14739855859415, "f": 107.62414848454931, "g": 192.69128245631356, "h": 128.2426695626419, "i": 94.78477638463816, "j": 115.02566887155692, "k": 126.65662947971171, "l": 99.51772139401717, "m": 145.91568762957846, "n": 105.08144930397867, "o": 108.37940566689703, "p": 142.81913318195282, "q": 142.08905123901667, "r": 75.80264586829894, "s": 89.47280086879258, "t": 96.5722183828611, "u": 105.23250074044822, "v": 79.98173561062295, "w": 120.76562345739954, "x": 97.78062987461743, "y": 111.72771250863856, "z": 82.14680620001974, "{": 100.97788527988943, "|": 82.85171290354428, "}": 100.09675190048377, "~": 46.59936815085399}
